created_at,id,text
2022-07-14 16:21:52+00:00,1547617383866454020,"@KariRWaters @alixabeth My go-to for webscraping is python scrapy. I know it‚Äôs not exactly what you are looking for, but the website has some great tutorials that do exactly what you need. I would recommend getting the list of urls needed to scrape first, and then scraping them https://t.co/43JxtEAfSk"
2022-07-14 16:18:40+00:00,1547616580657238018,The latest The Web Scraping as a Business Daily! https://t.co/izaSP8lrZv Thanks to @JoseWorksTech #webscraping #python
2022-07-14 15:57:26+00:00,1547611235864043520,"Learn how to use Axiom's no-code web scraper in minutes. 

https://t.co/3DdfKTvXKJ

#ecommercescraping #Socialmediascraping #smmscraping #socialmediascraping #price #pricemonitoring #webscraper #webscraping #datascraping #dataextraction #webdatascraping #bot https://t.co/FBLD2tSZs0"
2022-07-14 15:44:07+00:00,1547607886632628230,RT @PythonWeekly: Python Weekly - Issue 558 https://t.co/LOcBIkVWZC #python #django #pypi #security #docker #pytorch #raspberrypi #gpt3 #we‚Ä¶
2022-07-14 15:33:31+00:00,1547605217822158850,RT @PythonWeekly: Python Weekly - Issue 558 https://t.co/LOcBIkVWZC #python #django #pypi #security #docker #pytorch #raspberrypi #gpt3 #we‚Ä¶
2022-07-14 15:26:14+00:00,1547603385599541248,RT @PythonWeekly: Python Weekly - Issue 558 https://t.co/LOcBIkVWZC #python #django #pypi #security #docker #pytorch #raspberrypi #gpt3 #we‚Ä¶
2022-07-14 15:21:42+00:00,1547602243918082049,RT @PythonWeekly: Python Weekly - Issue 558 https://t.co/LOcBIkVWZC #python #django #pypi #security #docker #pytorch #raspberrypi #gpt3 #we‚Ä¶
2022-07-14 15:20:43+00:00,1547601997347430400,RT @PythonWeekly: Python Weekly - Issue 558 https://t.co/LOcBIkVWZC #python #django #pypi #security #docker #pytorch #raspberrypi #gpt3 #we‚Ä¶
2022-07-14 15:20:35+00:00,1547601960290766850,RT @PythonWeekly: Python Weekly - Issue 558 https://t.co/LOcBIkVWZC #python #django #pypi #security #docker #pytorch #raspberrypi #gpt3 #we‚Ä¶
2022-07-14 15:20:03+00:00,1547601827637522432,Python Weekly - Issue 558 https://t.co/LOcBIkVWZC #python #django #pypi #security #docker #pytorch #raspberrypi #gpt3 #webscraping #gpu #kubernetes #pip #vscode #machinelearning #datascience #deepnote #ai #jupyter #nix #linux https://t.co/cQDDYscQd6
2022-07-14 15:00:02+00:00,1547596792228851713,"Check out my Gig on #Fiverr: do #webscraping, #datamining and #automation https://t.co/0clA2irjG6

I provide #bulk #data of 3k+ #categories like
#plumbing #roofing #flooring #cleaning #garage #automotive #housing #building #realtors #barber #leads #emailslist #phones #socialmedia https://t.co/2OQyH7j4yJ"
2022-07-14 14:49:27+00:00,1547594128157855746,"RT @katalyst_katt: Let's go! Day 10 of #100DaysOfCode
‚úÖFinalized my tindog website with MediaQuery Breakpoints &amp; refactored CSS
‚úÖIntro to U‚Ä¶"
2022-07-14 14:49:17+00:00,1547594086235877376,"RT @katalyst_katt: Let's go! Day 10 of #100DaysOfCode
‚úÖFinalized my tindog website with MediaQuery Breakpoints &amp; refactored CSS
‚úÖIntro to U‚Ä¶"
2022-07-14 14:49:14+00:00,1547594073690628096,"RT @katalyst_katt: Let's go! Day 10 of #100DaysOfCode
‚úÖFinalized my tindog website with MediaQuery Breakpoints &amp; refactored CSS
‚úÖIntro to U‚Ä¶"
2022-07-14 14:11:50+00:00,1547584661102088202,"I will do automatically web scraping, data extraction or data collection.if you want my service order me fiverr https://t.co/a9lrukid5p
#dataentry #YellowPages #yelp #datascraping #datamining #webscraping #scraping #webdirectory #emaillist #businessleads  #fiverr"
2022-07-14 14:11:28+00:00,1547584569821474822,"I will do google map scraping with data scrape.if you want my service order me Fiverr https://t.co/se1xoA63hP
#googlemapscrape #googlemapdatascrape #webscrape #webscraping #datascraping #scrape #dataentry #datamining"
2022-07-14 14:10:41+00:00,1547584372139732993,"I Will Do Web Crawling Or Web Scraping From Directory Website for $10 .if you want my service order me Fiverr https://t.co/ZILWRPekgc
#dataentry #YellowPages #dataprocessing #datascraping #datamining #webscraping #scraping #webdirectory #emaillist #businessleads  #fiverr"
2022-07-14 13:58:02+00:00,1547581188985851904,"Check out my Gig on #Fiverr: do #google #scraping for search results or #business #profiles 

We provide #bulk #data of #realtor #plumbing #doctors #dentists #lawyers #hotels #restaurants #leads #emails #phones via #webscraping #datamining #yellowpages

https://t.co/h50JGbNd7N https://t.co/xncSkA9apP"
2022-07-14 13:47:04+00:00,1547578427225432065,"https://t.co/fMZ3egbJ3b
Are Lead Generation Services Really That Important? 
#ecommercescraping #Socialmediascraping #smmscraping #socialmediascraping #price #pricemonitoring #webscraper #webscraping #datascraping #dataextraction #webdatascraping #botscraper #scraperbot"
2022-07-14 13:46:16+00:00,1547578226813218816,"Web scraping and web crawling services for collecting data are the latest trends 
https://t.co/tRwihd4xKT
#ecommercescraping #Socialmediascraping #smmscraping #socialmediascraping #price #pricemonitoring #webscraper #webscraping #datascraping #dataextraction #webdatascraping #bot https://t.co/WRVb1wSSJ8"
2022-07-14 13:44:56+00:00,1547577891935830023,"Can a right search engine marketing firm really helped boost search engine rankings?
https://t.co/jTOEmcbmlO
#SEM #ecommercescraping #Socialmediascraping #smmscraping #socialmediascraping #price #pricemonitoring #webscraper #webscraping #datascraping #dataextraction"
2022-07-14 13:40:19+00:00,1547576727961972736,"Make Your Perfect Web Presence with Online Content Marketing Services
https://t.co/ZbKFxZ2kZC
#ecommercescraping #Socialmediascraping #smmscraping #socialmediascraping #price #pricemonitoring #webscraper #webscraping #datascraping #dataextraction #webdatascraping #botscraper https://t.co/TEEoH7aidc"
2022-07-14 13:37:43+00:00,1547576076246781955,"BotScraper Offers the Best Search Engine Results Page Scraping Service 
https://t.co/kDlZB1VkJe
#ecommercescraping #Socialmediascraping #smmscraping #socialmediascraping #price #pricemonitoring #webscraper #webscraping #datascraping #dataextraction #webdatascraping #botscraper https://t.co/cfjzgq3gLU"
2022-07-14 13:36:51+00:00,1547575856620392450,"Web Crawler Data Extraction- Understanding the mechanism of Website #Crawlers 
https://t.co/fKT5hxogb8
#ecommercescraping #Socialmediascraping #smmscraping #socialmediascraping #price #pricemonitoring #webscraper #webscraping #datascraping #dataextraction #webdatascraping #bots https://t.co/MnpBFEfRm3"
2022-07-14 13:35:33+00:00,1547575530496540672,"How to drive a host of visitors to your website using keywords? 
https://t.co/2L8JUe7Kqk
#ecommercescraping #Socialmediascraping #smmscraping #socialmediascraping #price #pricemonitoring #webscraper #webscraping #datascraping #dataextraction #webdatascraping #botscraper #scraper https://t.co/yyvlWV9bzn"
2022-07-14 13:34:06+00:00,1547575166686793730,"Extract profile information from Instagram with Instagram Profile Scraper! üì∏ Quick, ready-made, and easy to set up, Instagram Scraper lets you extract usernames, followers &amp; follows, bio, likes, &amp; more. Try it now! üëá #instagramscraper #webscraping  https://t.co/3l26ZicZjk https://t.co/n5P2o3E7nG"
2022-07-14 13:33:18+00:00,1547574963867029505,"How Data Scraping is Leveraging the Real Estate Industry? 
https://t.co/1WXVBHKThf
#ecommercescraping #Socialmediascraping #smmscraping #socialmediascraping #price #pricemonitoring #webscraper #webscraping #datascraping #dataextraction #webdatascraping #botscraper #scraperbot https://t.co/8rZwurSE0F"
2022-07-14 13:12:38+00:00,1547569763529895941,"@Nate_Birkhead Learned on Stata, still use it 95% of the time, but R has come very much in handy for some very specific functions I‚Äôve needed, including the webscraping essential for my dissertation/book. Would love to immerse myself in its GIS capability when I have a damn minute of time"
2022-07-14 13:07:02+00:00,1547568352129757184,"Features of a Top Lead extractor software  https://t.co/GfY85vwUua
#Leadextractorsoftware  #leadgeneration #ecommercescraping #Socialmediascraping #smmscraping #socialmediascraping #price #pricemonitoring #webscraper #webscraping #datascraping #dataextraction #webdatascraping https://t.co/l1Fay6xaub"
2022-07-14 13:05:37+00:00,1547567998474457090,"Extracting data from LinkedIn is no longer a hassle with Botscraper‚Äôs LinkedIn Scarper https://t.co/wKV86n3qXL
#ecommercescraping #Socialmediascraping #smmscraping #socialmediascraping #price #pricemonitoring #webscraper #webscraping #datascraping #dataextraction #webdatascraping https://t.co/lah1eRKUtf"
2022-07-14 12:57:48+00:00,1547566028422406147,"How Botscraper can help you monumentally in extracting data from LinkedIn?
https://t.co/jA8iIiCY9R
#ecommercescraping #Socialmediascraping #smmscraping #socialmediascraping #price #pricemonitoring #webscraper #webscraping #datascraping #dataextraction #webdatascraping #botscraper https://t.co/nEuPVZebFr"
2022-07-14 12:54:39+00:00,1547565238785937413,"https://t.co/q8Y7iT4twB
Website Scraping Services | Web, Data &amp; SERP Scraping Company USA
#ecommercescraping #Socialmediascraping #smmscraping #socialmediascraping #price #pricemonitoring #webscraper #webscraping #datascraping #dataextraction #webdatascraping #botscraper #scraper https://t.co/BlklvrHQpj"
2022-07-14 12:52:31+00:00,1547564701986344960,"Tips to Scrape Linkedin Pages
https://t.co/0l4FIXzMuF
#ecommercescraping #Socialmediascraping #smmscraping #socialmediascraping #price #pricemonitoring #webscraper #webscraping #datascraping #dataextraction #webdatascraping #botscraper #scraperbot #webscrapingcompany #botscrapers https://t.co/2bes9gB4fl"
2022-07-14 12:50:32+00:00,1547564199844335618,"Scraping Data from Linkedin
https://t.co/m8H9qRMhR5
#linkedinscraping #ecommercescraping #Socialmediascraping #smmscraping #socialmediascraping #price #pricemonitoring #webscraper #webscraping #datascraping #dataextraction #webdatascraping #botscraper #scraperbot https://t.co/Ov4bALUKoM"
2022-07-14 12:49:08+00:00,1547563850488197120,"Web Scraping Services Company USA 
https://t.co/t5b3f8qhec
#ecommercescraping #Socialmediascraping #smmscraping #socialmediascraping #price #pricemonitoring #webscraper #webscraping #datascraping #dataextraction #webdatascraping #botscraper #scraperbot #webscrapingcompany #bot"
2022-07-14 12:43:34+00:00,1547562449280217088,"ü§îAre you still in doubt about whether #proxies are beneficial for your operations or not?
üéûSay no more, we have an in-depth overview of many ways how SOAX proxies can help grow your business in this data-oversaturated world
üëáüèª
https://t.co/4ylVIq6FoM
#webscraping #datamining"
2022-07-14 11:15:58+00:00,1547540402324094977,"RT @rstatsvideo: üì∫ New #rstatsvideo: The Rvest &amp; RSelenium Tutorial - Web Scrape Dynamic Tables in R
‚ñ∂ Samer Hijjazi
#rstats #rvest #rselen‚Ä¶"
2022-07-14 08:11:56+00:00,1547494088169209856,"I Will Do Web Crawling Or Web Scraping From Directory Website for $10 .if you want my service order me Fiverr https://t.co/ZILWRPvVEM
#dataentry #YellowPages #dataprocessing #datascraping #datamining #webscraping #scraping #webdirectory #emaillist #businessleads  #fiverr"
2022-07-14 08:07:47+00:00,1547493044710244352,"Scrape review data from G2crowd based on your preferences, including reviewer name, time of review, review text/content, star ratings, and reviewer information.

https://t.co/Nnc1vE7wue

#G2crowdScraper #ScrapeG2crowdData #WebScraping #WebScraper #usa #canada #australia #uk #uae https://t.co/HDy4VI3rmu"
2022-07-14 07:52:58+00:00,1547489314157862918,"RT @MarriottandSons: RT https://t.co/ErqV49NGJ0 Check out my Gig on #Fiverr: do #webscraping, #datamining and #automation https://t.co/gSZ4‚Ä¶"
2022-07-14 07:48:42+00:00,1547488241586212865,"RT https://t.co/ErqV49NGJ0 Check out my Gig on #Fiverr: do #webscraping, #datamining and #automation https://t.co/gSZ4qaVb72 I provide #bulk #data of 3k+ #categories like #plumbing #roofing #f‚Ä¶ https://t.co/RVelPCAtNf"
2022-07-14 07:31:56+00:00,1547484022686752768,"Last tends for the proxies market #webscraping
https://t.co/lvu93xyfb5"
2022-07-14 07:01:33+00:00,1547476374440615936,"RT @cursortek: Checkout CursorTek is doing #webscraping and #selling #bulk #data of #businesses #Profiles

#tripadvisor #booking #yelp #yel‚Ä¶"
2022-07-14 06:50:34+00:00,1547473610847227905,"RT @cursortek: Checkout CursorTek is doing #webscraping and #selling #bulk #data of #businesses #Profiles

#tripadvisor #booking #yelp #yel‚Ä¶"
2022-07-14 06:47:57+00:00,1547472953243230208,"RT @cursortek: Checkout CursorTek is doing #webscraping and #selling #bulk #data of #businesses #Profiles

#tripadvisor #booking #yelp #yel‚Ä¶"
2022-07-14 06:29:33+00:00,1547468322199015424,"RT @cursortek: Checkout CursorTek is doing #webscraping and #selling #bulk #data of #businesses #Profiles

#tripadvisor #booking #yelp #yel‚Ä¶"
2022-07-14 06:29:02+00:00,1547468192527835136,"Checkout CursorTek is doing #webscraping and #selling #bulk #data of #businesses #Profiles

#tripadvisor #booking #yelp #yellowpages #googlemaps #houzz #yell #leads #emails #emailslist #socialmedia #scraping #datamining #python #java #php #automation #AI

https://t.co/L8HY1PV7AZ https://t.co/otl9Ghw2vn"
2022-07-14 04:29:02+00:00,1547437996013666304,"Check out my Gig on #Fiverr: do #webscraping, #datamining and #automation https://t.co/0clA2iIV4G

I provide #bulk #data of 3k+ #categories like
#plumbing #roofing #flooring #cleaning #garage #automotive #housing #building #realtors #barber #leads #emailslist #phones #socialmedia https://t.co/U33vMIr8sF"
2022-07-14 03:15:29+00:00,1547419484356476928,"RT @wscraper: Cloud-Based Web Scraping for tracking your competitors - DO NOT USE?

#dataextraction #datascraping #webscraping #scraping #d‚Ä¶"
2022-07-14 03:00:02+00:00,1547415595070754817,"Check out my Gig on #Fiverr: do #google #scraping for search results or #business #profiles 

We provide #bulk #data of #realtor #plumbing #doctors #dentists #lawyers #hotels #restaurants #leads #emails #phones via #webscraping #datamining #yellowpages

https://t.co/h50JGc4Own https://t.co/52jiN4MNSH"
2022-07-14 02:29:17+00:00,1547407859134058498,Spent a bit of today building a basic webscraping script to help my partner with his work &amp; honestly I can see why doing fun non-research related tasks makes you better at coding. There's something refreshing to just doing a little side project with no work-related stakes! ‚ú®
2022-07-14 02:20:28+00:00,1547405640917995520,"#DataAnalytics #webscraping #scraper
Wie viel wissen Sie √ºber Web Scraping?üßê Hier werden wir Sie √ºber die grundlegenden Kenntnissen des Web Scrapings informieren und Ihnen zeigen, wie Sie die Web Scraping Tool bewerten und das beste ausw√§hlen. ü§©https://t.co/FeXVqJhaZN https://t.co/Xc5G2EkDpJ"
2022-07-14 01:51:39+00:00,1547398387460341760,"Webscraping using Python, Requests, and BeautifulSoup (Part 2) https://t.co/YZbdd2gJjO via @YouTube #webscraping #python #coding #programming #DataScience #DataAnalytics https://t.co/2sLFcZV37R"
2022-07-13 22:30:36+00:00,1547347791168536576,"RT @wscraper: Big data helps to better understand the customer

#dataextraction #datascraping #webscraping #scraping #data #altdata #altern‚Ä¶"
2022-07-13 21:15:25+00:00,1547328869635686403,"RT @wscraper: ‚ö°Ô∏èClick here for a free, 30-minute consultation where we‚Äôll discuss the best data extraction strategies for your particular b‚Ä¶"
2022-07-13 20:46:12+00:00,1547321518459441153,"RT @mulas_garcia: TIP 1 - Selenium Initialization
When using selenium with Google Chrome, do not install chromedriver on your computer. Ins‚Ä¶"
2022-07-13 20:32:30+00:00,1547318070766714880,@eclipxoide @eclipxoide me puedes contactar por DM pf? me interesa ver si me puedes ayudar con un tema de webscraping
2022-07-13 19:30:15+00:00,1547302406043717633,"RT @cursortek: Checkout CursorTek is doing #webscraping and #selling #bulk #data of #businesses #Profiles

#tripadvisor #booking #yelp #yel‚Ä¶"
2022-07-13 19:30:03+00:00,1547302355711950850,"RT @cursortek: Checkout CursorTek is doing #webscraping and #selling #bulk #data of #businesses #Profiles

#tripadvisor #booking #yelp #yel‚Ä¶"
2022-07-13 19:29:19+00:00,1547302168922914819,"RT @cursortek: Checkout CursorTek is doing #webscraping and #selling #bulk #data of #businesses #Profiles

#tripadvisor #booking #yelp #yel‚Ä¶"
2022-07-13 19:29:07+00:00,1547302121376210944,"RT @cursortek: Checkout CursorTek is doing #webscraping and #selling #bulk #data of #businesses #Profiles

#tripadvisor #booking #yelp #yel‚Ä¶"
2022-07-13 19:29:02+00:00,1547302098580160513,"Checkout CursorTek is doing #webscraping and #selling #bulk #data of #businesses #Profiles

#tripadvisor #booking #yelp #yellowpages #googlemaps #houzz #yell #leads #emails #emailslist #socialmedia #scraping #datamining #python #java #php #automation #AI

https://t.co/L8HY1PV7AZ https://t.co/9MJ851yPR0"
2022-07-13 19:15:01+00:00,1547298570692345857,"Web scraping is the process of fetching data from websites to be processed later üëÄ 
Businesses use web scrapers to generate leads by collecting contact information about potential clients.
Story via ‚Üí @techradar https://t.co/31EG6qARik

#Revoke #WebScraping #InfoSec"
2022-07-13 18:12:48+00:00,1547282915901329409,"RT @hackernoon: ""A Step-by-Step Guide to Building a Football Data Scraper"" https://t.co/Z3R90ReV20 #webscraping #datascraping"
2022-07-13 17:55:37+00:00,1547278591205208064,"I Will Do Web Crawling Or Web Scraping From Directory Website for $10 .if you want my service order me Fiverr https://t.co/ZILWRPwtuk
#dataentry #YellowPages #dataprocessing #datascraping #datamining #webscraping #scraping #webdirectory #emaillist #businessleads"
2022-07-13 17:55:15+00:00,1547278497877528576,"I Will Do Web Crawling Or Web Scraping From Directory Website for $10 .if you want my service order me Fiverr https://t.co/ZILWRPvVEM
#dataentry #YellowPages #dataprocessing #datascraping #datamining #webscraping #scraping #webdirectory #emaillist #businessleads  #fiverr"
2022-07-13 17:44:32+00:00,1547275800105422849,"üí•Browse AI is a no-code, cloud-based web automation software that extracts and monitors structured data from any siteüí•
üëâOffer: https://t.co/v6fwKhMheS

#digitalmarketingtools #digitalmarketingsoftware #businesssoftware #entrepreneur #ecommerce #webscraping #businessdevelopment https://t.co/Vqr6zphpZm"
2022-07-13 17:38:50+00:00,1547274364407918592,#data #scraping #datascarping #webscraping https://t.co/1uQ1gxzUtZ
2022-07-13 17:29:02+00:00,1547271897867587586,"Check out my Gig on #Fiverr: do #webscraping, #datamining and #automation https://t.co/0clA2iIV4G

I provide #bulk #data of 3k+ #categories like
#plumbing #roofing #flooring #cleaning #garage #automotive #housing #building #realtors #barber #leads #emailslist #phones #socialmedia https://t.co/19Qso42O6o"
2022-07-13 17:04:14+00:00,1547265658873909249,"üí• Herramienta #growth de la semanaüí• @officialpbuster¬†

Un fantasma funciona como¬†1 ruta API. Env√≠as 1 entrada y te devuelve 1 salida. üëª

Por ejemplo, das la URL de un post de #LinkedIn, y te devuelve 1 lista de perfiles que han comentado ese post.

#WebScraping #leadgeneration https://t.co/fj7opMJwNe"
2022-07-13 16:58:42+00:00,1547264266947936256,"RT @mulas_garcia: TIP 1 - Selenium Initialization
When using selenium with Google Chrome, do not install chromedriver on your computer. Ins‚Ä¶"
2022-07-13 16:20:11+00:00,1547254573919653889,"https://t.co/FJV4Ut8Ziw
#DataEntry #Leadgeneration #linkedinleadgeneration #convertPDF #yellow #yellowpages #webscraping"
2022-07-13 16:02:12+00:00,1547250046768398337,RT @wscraper: The process of analyzing these metrics would allow you to start exploring which of your facilities are in need of the most up‚Ä¶
2022-07-13 15:58:02+00:00,1547248998691573760,"Check out my Gig on #Fiverr: do #google #scraping for search results or #business #profiles 

We provide #bulk #data of #realtor #plumbing #doctors #dentists #lawyers #hotels #restaurants #leads #emails #phones via #webscraping #datamining #yellowpages

https://t.co/h50JGc4Own https://t.co/mtcD3J3NL9"
2022-07-13 14:30:02+00:00,1547226854406381569,"No matter what your end goal is, there are some basic rules and best practices that you can follow when scraping data from the web. Read this blog to know more about Web Scraping and the rules surrounding it. 

#webscraping #webscrapingservices

https://t.co/LdU5vC1MR5 https://t.co/H02pvaL3Xx"
2022-07-13 14:29:37+00:00,1547226748143616000,"Scrape an eCommerce Website with 20 lines of code using Python. A fun script to demonstrate the power of Python

#ecommerce #python #webscraping #webscrapingservices https://t.co/WcnaYtHDC1"
2022-07-13 14:28:25+00:00,1547226445071753222,"RT @mulas_garcia: TIP 1 - Selenium Initialization
When using selenium with Google Chrome, do not install chromedriver on your computer. Ins‚Ä¶"
2022-07-13 14:26:56+00:00,1547226073133420544,"TIP 1 - Selenium Initialization
When using selenium with Google Chrome, do not install chromedriver on your computer. Instead, you can easily do this with the module webdriver-manager:

#datascience #analytics #machinelearning #data #career #python #selenium #ai #webscraping https://t.co/TqtNlIKyHy"
2022-07-13 13:45:30+00:00,1547215646856978432,"RT @wscraper: Challenges with a program &amp; Vis-√†-vis the solution hosted

#datacollection #dataextraction #datascraping #webscraping #scrapi‚Ä¶"
2022-07-13 13:19:23+00:00,1547209071706742789,"What Are The Best Tools For Email Data Collection? https://t.co/alFUbYpjk8 
#emaildatabase #freshemailleadsinstantdownload #emaillistbyzipcode #targetedemaillists #bestplacetobuyemaillists #1000emailaddresseslist #webdataextractor #webscraping #emailscrapingtools  #emailscraper"
2022-07-13 13:00:32+00:00,1547204331459559425,"We published an update to our blog post about web scraping Google News using Python üêç

Have a look if its something interesting to you: https://t.co/fIDcms5HJC

#webscraping #SerpApiUpdate"
2022-07-13 12:59:42+00:00,1547204121509470212,"RT @KirkDBorne: Step by Step Guide to Build a Google Trends Scraper Using PyTrends: https://t.co/TQeTEI6PIw
‚Äî‚Äî‚Äî‚Äî
#abdsc #DataScience #DataS‚Ä¶"
2022-07-13 12:18:39+00:00,1547193787428048899,"Top 10 Web Scraped Sites üèÜ

1. #amazon 
2. eBay
3. Walmart 
4. Yelp
5. YellowPages 
6. #google 
7. TripAdvisor
8. Indeed 
9. #Twitter 
10. Mercadolibre

#webscraping #coding"
2022-07-13 12:07:00+00:00,1547190857132122114,"¬øQuieres extraer datos de #TikTok de una manera r√°pida y eficiente, pero todas las herramientas est√°n en ingl√©s? ¬°Prueba nuestro Raspador de TikTok en espa√±ol! üëá #webscraping #extracciondedatos https://t.co/6XNtOmKSMh"
2022-07-13 10:17:34+00:00,1547163318267387904,"RT @anyip_io: Best in the business - Private premium quality proxies 

üîπResidential 
üîπMobile
üîπRotating 

#webscraping #programmers #freelan‚Ä¶"
2022-07-13 10:13:21+00:00,1547162254751285249,"Best in the business - Private premium quality proxies 

üîπResidential 
üîπMobile
üîπRotating 

#webscraping #programmers #freelancers #proxy #residentialip #data #AI #sneakers #codinglife #HTTP #sock5 https://t.co/7Wxj2xWX0D"
2022-07-13 08:00:02+00:00,1547128706677841920,"Checkout CursorTek is doing #webscraping and #selling #bulk #data of #businesses #Profiles

#tripadvisor #booking #yelp #yellowpages #googlemaps #houzz #yell #leads #emails #emailslist #socialmedia #scraping #datamining #python #java #php #automation #AI

https://t.co/L8HY1PV7AZ https://t.co/iPUiy0HGfV"
2022-07-13 07:53:14+00:00,1547126993933991936,"‰ªäÊúà„ÅÆUdemy„ÇØ„Éº„Éù„É≥„Åß„ÅôÔºÅÔºà1/2Ôºâ
https://t.co/mgbH5McVZk
https://t.co/EoCMIhG4IK
https://t.co/mEcGOm6tD6
https://t.co/cBCChnsaIT
https://t.co/jJY7N6SQaX
https://t.co/rDC6aFAi2e
https://t.co/tU953BMQtm
https://t.co/HtQS3tOJI8
https://t.co/fU2AnkZdVE"
2022-07-13 07:07:33+00:00,1547115497061322754,#WebScraping üìä #DataScience üßÆ #DataVisualization #DataAnalytics #DataFam https://t.co/NGHGxlIda5
2022-07-13 06:30:02+00:00,1547106057520128002,The seemingly-tricky #webscraping process in a nutshell. https://t.co/0SLyXPy4Q3
2022-07-13 06:24:03+00:00,1547104550993149952,"RT @KirkDBorne: Step by Step Guide to Build a Google Trends Scraper Using PyTrends: https://t.co/TQeTEI6PIw
‚Äî‚Äî‚Äî‚Äî
#abdsc #DataScience #DataS‚Ä¶"
2022-07-13 06:02:31+00:00,1547099133827317760,"#Webscraping is a valuable tool for all kinds of businesses as it helps gather valuable data for different purposes, from market research to marketing strategy development. üîê https://t.co/j2dv0J6gNG"
2022-07-13 06:00:52+00:00,1547098719052496898,"RT @wscraper: - What is the difference between a web scraper and a malicious bot?
- And what is the potential risk for both of them?
- And‚Ä¶"
2022-07-13 06:00:02+00:00,1547098506355249153,"Check out my Gig on #Fiverr: do #webscraping, #datamining and #automation https://t.co/0clA2iIV4G

I provide #bulk #data of 3k+ #categories like
#plumbing #roofing #flooring #cleaning #garage #automotive #housing #building #realtors #barber #leads #emailslist #phones #socialmedia https://t.co/skDGMejUu2"
2022-07-13 05:00:51+00:00,1547083614302736385,"RT @cursortek: Check out my Gig on #Fiverr: do #google #scraping for search results or #business #profiles 

We provide #bulk #data of #rea‚Ä¶"
2022-07-13 04:58:02+00:00,1547082905524076544,"Check out my Gig on #Fiverr: do #google #scraping for search results or #business #profiles 

We provide #bulk #data of #realtor #plumbing #doctors #dentists #lawyers #hotels #restaurants #leads #emails #phones via #webscraping #datamining #yellowpages

https://t.co/h50JGc4Own https://t.co/tjUzQPpkVn"
2022-07-13 04:21:17+00:00,1547073656689500160,"RT @KirkDBorne: Step by Step Guide to Build a Google Trends Scraper Using PyTrends: https://t.co/TQeTEI6PIw
‚Äî‚Äî‚Äî‚Äî
#abdsc #DataScience #DataS‚Ä¶"
2022-07-13 04:20:38+00:00,1547073493291900928,"RT @KirkDBorne: Step by Step Guide to Build a Google Trends Scraper Using PyTrends: https://t.co/TQeTEI6PIw
‚Äî‚Äî‚Äî‚Äî
#abdsc #DataScience #DataS‚Ä¶"
2022-07-13 04:20:33+00:00,1547073471720525825,"RT @KirkDBorne: Step by Step Guide to Build a Google Trends Scraper Using PyTrends: https://t.co/TQeTEI6PIw
‚Äî‚Äî‚Äî‚Äî
#abdsc #DataScience #DataS‚Ä¶"
2022-07-13 02:16:07+00:00,1547042157713915904,@nevrekaraishwa2 Webscraping with mechanical soupüëçüèΩ
